Columns ,Chamber_ID,Location_ID,Timestamp_Begin,Timestamp_End,Flux_CO2,Flux_SE_CO2,CrvFit_CO2,R2_CO2,CO2_Error,Flux_CH4_diffusive,Flux_CH4_ebullition,Flux_CH4,Flux_SE_CH4,CrvFit_CH4_diffusive,R2_CH4,CH4_Error,Tair,Atm_pressure,Notes
Sample,July_7_O1,O1,2.02207E+13,2.02207E+13,0.791021,0.063554757,Exp:HutchisonMosier,0.939194,,0.220238,0.216695,0.436933,0.15314448,Exp:HutchisonMosier_noEbullition,0.943339,,22.9,991,"Didn't have temperature probe, Tair= ambient"
Sample,July_7_O2,O2,2.02207E+13,2.02207E+13,0.880901,0.063554757,Exp:HutchisonMosier,0.095649,,0.003659,-0.21967,-0.216011,0.15314448,Exp:HutchisonMosier_noEbullition,0.006522,,23.3,991,"Didn't have temperature probe, Tair= ambient"
Sample,July_7_O3,O3,2.02207E+13,2.02207E+13,-9999,-9999,Exp:HutchisonMosier,-9999,,-9999,-9999,-9999,-9999,Exp:HutchisonMosier_noEbullition,-9999,,23.4,991,"Didn't have temperature probe, Tair= ambient"
Sample,July_7_V1,V1,2.02207E+13,2.02207E+13,-9999,-9999,Exp:HutchisonMosier,-9999,,-9999,-9999,-9999,-9999,Exp:HutchisonMosier_noEbullition,-9999,,23.4,991,"Didn't have temperature probe, Tair= ambient"
Sample,July_7_V2,V2,2.02207E+13,2.02207E+13,-9999,-9999,Exp:HutchisonMosier,-9999,,-9999,-9999,-9999,-9999,Exp:HutchisonMosier_noEbullition,-9999,,23.4,991,"Didn't have temperature probe, Tair= ambient"
Sample,July_7_V3,V3,2.02207E+13,2.02207E+13,-9999,-9999,Exp:HutchisonMosier,-9999,,-9999,-9999,-9999,-9999,Exp:HutchisonMosier_noEbullition,-9999,,23.4,991,"Didn't have temperature probe, Tair= ambient"
Sample,July_8_O1,O1,2.02207E+13,2.02207E+13,0.787955,-9999,Exp:HutchisonMosier,0.941654,,0.013638,0,0.013638,-9999,Exp:HutchisonMosier_noEbullition,0.996777,,23.5,991,
Sample,July_8_O2,O2,2.02207E+13,2.02207E+13,-9999,-9999,Exp:HutchisonMosier,-9999,,-9999,-9999,-9999,-9999,Exp:HutchisonMosier_noEbullition,-9999,,23.65,991,
Sample,July_8_O3,O3,2.02207E+13,2.02207E+13,-9999,-9999,Exp:HutchisonMosier,-9999,,-9999,-9999,-9999,-9999,Exp:HutchisonMosier_noEbullition,-9999,,23.85,991,
Sample,July_8_V1,V1,2.02207E+13,2.02207E+13,-2.023345,1.030975122,Exp:HutchisonMosier,0.129686,,-0.030192,0.288456,0.258264,0.81017113,Exp:HutchisonMosier_noEbullition,0.652998,,24.65,991,
Sample,July_8_V2,V2,2.02207E+13,2.02207E+13,-0.565326,1.030975122,Exp:HutchisonMosier,0.005057,,1.115563,2.719717,3.83528,0.81017113,Exp:HutchisonMosier_noEbullition,0.969599,,25.1,991,
Sample,July_8_V3,V3,2.02207E+13,2.02207E+13,-9999,-9999,Exp:HutchisonMosier,-9999,,-9999,-9999,-9999,-9999,Exp:HutchisonMosier_noEbullition,-9999,,24.75,991,
Sample,July_9_O1,O1,2.02207E+13,2.02207E+13,0.915069,0.285852866,Exp:HutchisonMosier,0.96801,,0.0245,0,0.0245,1.175433502,Exp:HutchisonMosier_noEbullition,0.976954,,24.05,991,
Sample,July_9_O2,O2,2.02207E+13,2.02207E+13,0.510812,0.285852866,Exp:HutchisonMosier,0.173094,,1.686814,0.752107,2.438921,1.175433502,Exp:HutchisonMosier_noEbullition,0.624826,,24.15,991,
Sample,July_9_O3,O3,2.02207E+13,2.02207E+13,-9999,-9999,Exp:HutchisonMosier,-9999,,-9999,-9999,-9999,-9999,Exp:HutchisonMosier_noEbullition,-9999,,23.7,991,
Sample,July_9_V1,V1,2.02207E+13,2.02207E+13,-2.065253,0.887672155,Exp:HutchisonMosier,0.269835,,3.468978,1.451084,4.920062,2.106840918,Exp:HutchisonMosier_noEbullition,0.419727,,24.3,991,
Sample,July_9_V2,V2,2.02207E+13,2.02207E+13,-0.809895,0.887672155,Exp:HutchisonMosier,0.00119,,0.489455,8.033384,8.522839,2.106840918,Exp:HutchisonMosier_noEbullition,0.13492,,24.15,991,
Sample,July_9_V3,V3,2.02207E+13,2.02207E+13,-9999,-9999,Exp:HutchisonMosier,-9999,,-9999,-9999,-9999,-9999,Exp:HutchisonMosier_noEbullition,-9999,,24.9,991,
Sample,July_10_O1,O1,2.02207E+13,2.02207E+13,0.720626,0.417414778,Exp:HutchisonMosier,0.976258,,0.013727,0,0.013727,0.10123162,Exp:HutchisonMosier_noEbullition,0.997954,,24.3,991,
Sample,July_10_O2,O2,2.02207E+13,2.02207E+13,0.004526,0.417414778,Exp:HutchisonMosier,0.140191,,-0.161421,0.34489,0.183469,0.10123162,Exp:HutchisonMosier_noEbullition,0.470674,,24.35,991,
Sample,July_10_O3,O3,2.02207E+13,2.02207E+13,-0.00905,0.417414778,Exp:HutchisonMosier,0.000167,,0.014107,0.249776,0.263883,0.10123162,Exp:HutchisonMosier_noEbullition,0.538614,,23,991,
Sample,July_10_V1,V1,2.02207E+13,2.02207E+13,-9999,-9999,Exp:HutchisonMosier,-9999,,-9999,-9999,-9999,-9999,Exp:HutchisonMosier_noEbullition,-9999,,24.45,991,
Sample,July_10_V2,V2,2.02207E+13,2.02207E+13,-5.139391,2.07535911,Exp:HutchisonMosier,0.34529,,0.214828,2.13755,2.352378,0.139503683,Exp:HutchisonMosier_noEbullition,0.597782,,23.55,991,
Sample,July_10_V3,V3,2.02207E+13,2.02207E+13,-2.20439,2.07535911,Exp:HutchisonMosier,0.339162,,0.01754,1.59289,1.61043,0.139503683,Exp:HutchisonMosier_noEbullition,0.372388,,22.9,991,
Sample,July_11_O1,O1,2.02207E+13,2.02207E+13,0.712494,0.320539153,Exp:HutchisonMosier,0.990652,,0.024636,0,0.024636,0.134334593,Exp:HutchisonMosier_noEbullition,0.998491,,23.6,991,
Sample,July_11_O2,O2,2.02207E+13,2.02207E+13,0.555443,0.320539153,Exp:HutchisonMosier,0.938968,,0.089375,0,0.089375,0.134334593,Exp:HutchisonMosier_noEbullition,0.997302,,24,991,
Sample,July_11_O3,O3,2.02207E+13,2.02207E+13,0.095696,0.320539153,Exp:HutchisonMosier,0.315322,,0.282824,0,0.282824,0.134334593,Exp:HutchisonMosier_noEbullition,0.97871,,24.55,991,
Sample,July_11_V1,V1,2.02207E+13,2.02207E+13,-4.383961,1.180211422,Exp:HutchisonMosier,0.939686,,0.161028,3.040799,3.201827,0.542119677,Exp:HutchisonMosier_noEbullition,0.389936,,24.9,991,
Sample,July_11_V2,V2,2.02207E+13,2.02207E+13,-6.053032,1.180211422,Exp:HutchisonMosier,0.825983,,0.927701,2.498737,3.426438,0.542119677,Exp:HutchisonMosier_noEbullition,0.95275,,26,991,
Sample,July_11_V3,V3,2.02207E+13,2.02207E+13,-9999,-9999,Exp:HutchisonMosier,-9999,,-9999,-9999,-9999,-9999,Exp:HutchisonMosier_noEbullition,-9999,,26.1,991,
Sample,July_12_O1,O1,2.02207E+13,2.02207E+13,0.653008,1.118231198,Exp:HutchisonMosier,0.918435,,0.021175,0,0.021175,0.351472554,Exp:HutchisonMosier_noEbullition,0.996644,,25.65,991,
Sample,July_12_O2,O2,2.02207E+13,2.02207E+13,1.2567,1.118231198,Exp:HutchisonMosier,0.19596,,0.684812,0.600282,1.285094,0.351472554,Exp:HutchisonMosier_noEbullition,0.956974,,24.6,991,
Sample,July_12_O3,O3,2.02207E+13,2.02207E+13,-0.910083,1.118231198,Exp:HutchisonMosier,0.915492,,0.152274,0.320183,0.472457,0.351472554,Exp:HutchisonMosier_noEbullition,0.984292,,24.95,991,
Sample,July_12_V1,V1,2.02207E+13,2.02207E+13,-5.527679,0.098191171,Exp:HutchisonMosier,0.730567,,0.13539,4.894064,5.029454,0.290329116,Exp:HutchisonMosier_noEbullition,0.149569,,25.2,991,
Sample,July_12_V2,V2,2.02207E+13,2.02207E+13,-5.333964,0.098191171,Exp:HutchisonMosier,0.996114,,0.71236,0,0.71236,0.290329116,Exp:HutchisonMosier_noEbullition,0.998977,,25.15,991,
Sample,July_12_V3,V3,2.02207E+13,2.02207E+13,-5.402886,0.098191171,Exp:HutchisonMosier,0.997121,,0.367287,0,0.367287,0.290329116,Exp:HutchisonMosier_noEbullition,0.973177,,25.25,991,
Sample,July_13_O1,O1,2.02207E+13,2.02207E+13,0.523753,0.497212991,Exp:HutchisonMosier,0.760056,,0.014422,0,0.014422,0.0247249,Exp:HutchisonMosier_noEbullition,0.996901,,25.1,991,
Sample,July_13_O2,O2,2.02207E+13,2.02207E+13,0.17801,0.497212991,Exp:HutchisonMosier,0,,-0.006327,0.519451,0.513124,0.0247249,Exp:HutchisonMosier_noEbullition,0.789986,,24.25,991,
Sample,July_13_O3,O3,2.02207E+13,2.02207E+13,-0.456589,0.497212991,Exp:HutchisonMosier,0.843866,,0.04292,0,0.04292,0.0247249,Exp:HutchisonMosier_noEbullition,0.938932,,24.1,991,
Sample,July_13_V1,V1,2.02207E+13,2.02207E+13,-4.138915,0.53367609,Exp:HutchisonMosier,0.986004,,0.695058,0.893356,1.588414,0.064744387,Exp:HutchisonMosier_noEbullition,0.941188,,24.9,991,
Sample,July_13_V2,V2,2.02207E+13,2.02207E+13,-3.251444,0.53367609,Exp:HutchisonMosier,0.957087,,0.629353,0.756928,1.386281,0.064744387,Exp:HutchisonMosier_noEbullition,0.965414,,24.8,991,
Sample,July_13_V3,V3,2.02207E+13,2.02207E+13,-4.208723,0.53367609,Exp:HutchisonMosier,0.993592,,0.565574,0.91686,1.482434,0.064744387,Exp:HutchisonMosier_noEbullition,0.894416,,24.7,991,
Sample,July_14_O1,O1,2.02207E+13,2.02207E+13,0.54263,0.466033289,Exp:HutchisonMosier,0.805132,,0.018916,0,0.018916,0.008214419,Exp:HutchisonMosier_noEbullition,0.995772,,24.3,991,
Sample,July_14_O2,O2,2.02207E+13,2.02207E+13,0.474523,0.466033289,Exp:HutchisonMosier,0.809605,,0.020005,0,0.020005,0.008214419,Exp:HutchisonMosier_noEbullition,0.618307,,24.3,991,
Sample,July_14_O3,O3,2.02207E+13,2.02207E+13,-0.296459,0.466033289,Exp:HutchisonMosier,0.623858,,0.033657,0,0.033657,0.008214419,Exp:HutchisonMosier_noEbullition,0.956182,,24.15,991,
Sample,July_14_V1,V1,2.02207E+13,2.02207E+13,-3.306782,0.418538958,Exp:HutchisonMosier,0.981066,,0.298035,1.038519,1.336554,0.325017229,Exp:HutchisonMosier_noEbullition,0.960746,,24.25,991,
Sample,July_14_V2,V2,2.02207E+13,2.02207E+13,-4.132747,0.418538958,Exp:HutchisonMosier,0.99194,,0.734988,0.045853,0.780841,0.325017229,Exp:HutchisonMosier_noEbullition,0.996597,,25.05,991,
Sample,July_14_V3,V3,2.02207E+13,2.02207E+13,-3.602032,0.418538958,Exp:HutchisonMosier,0.953392,,0.9333,0,0.9333,0.325017229,Exp:HutchisonMosier_noEbullition,0.986051,,25.4,991,
Sample,July_15_O1,O1,2.02207E+13,2.02207E+13,0.870259,0.740695961,Exp:HutchisonMosier,0.809436,,0.018931,0,0.018931,0.090531429,Exp:HutchisonMosier_noEbullition,0.990181,,24.9,991,
Sample,July_15_O2,O2,2.02207E+13,2.02207E+13,0.549002,0.740695961,Exp:HutchisonMosier,0.763871,,0.191101,-0.044359,0.146742,0.090531429,Exp:HutchisonMosier_noEbullition,0.585955,,24.95,991,
Sample,July_15_O3,O3,2.02207E+13,2.02207E+13,-0.542762,0.740695961,Exp:HutchisonMosier,0.827201,,0.056478,0,0.056478,0.090531429,Exp:HutchisonMosier_noEbullition,0.971132,,25.9,991,
Sample,July_15_V1,V1,2.02207E+13,2.02207E+13,-6.127363,1.223078893,Exp:HutchisonMosier,0.859717,,0.719354,0.31289,1.032244,0.128570818,Exp:HutchisonMosier_noEbullition,0.933467,,25.95,991,
Sample,July_15_V2,V2,2.02207E+13,2.02207E+13,-4.386192,1.223078893,Exp:HutchisonMosier,0.989118,,0.576316,0,0.576316,0.128570818,Exp:HutchisonMosier_noEbullition,0.997587,,26.85,991,
Sample,July_15_V3,V3,2.02207E+13,2.02207E+13,-6.744732,1.223078893,Exp:HutchisonMosier,0.998023,,0.462777,0,0.462777,0.128570818,Exp:HutchisonMosier_noEbullition,0.967172,,25.95,991,
Sample,July_16_O1,O1,2.02207E+13,2.02207E+13,0.572167,0.081574667,Exp:HutchisonMosier,0.943239,,0.019087,0,0.019087,0.401233601,Exp:HutchisonMosier_noEbullition,0.996899,,25.75,991,
Sample,July_16_O2,O2,2.02207E+13,2.02207E+13,0.456803,0.081574667,Exp:HutchisonMosier,0.747104,,0.586517,0,0.586517,0.401233601,Exp:HutchisonMosier_noEbullition,0.960011,,25.7,991,
Sample,July_16_O3,O3,2.02207E+13,2.02207E+13,-9999,-9999,Exp:HutchisonMosier,-9999,,-9999,-9999,-9999,-9999,Exp:HutchisonMosier_noEbullition,-9999,,24,991,
Sample,July_16_V1,V1,2.02207E+13,2.02207E+13,-5.030729,0.876472251,Exp:HutchisonMosier,0.974433,,0.555951,0.322769,0.87872,0.136604035,Exp:HutchisonMosier_noEbullition,0.988988,,24.4,991,
Sample,July_16_V2,V2,2.02207E+13,2.02207E+13,-3.362285,0.876472251,Exp:HutchisonMosier,0.975521,,0.455333,0.840619,1.295952,0.136604035,Exp:HutchisonMosier_noEbullition,0.961843,,24.55,991,
Sample,July_16_V3,V3,2.02207E+13,2.02207E+13,-3.730855,0.876472251,Exp:HutchisonMosier,0.998872,,0.285667,0,0.285667,0.136604035,Exp:HutchisonMosier_noEbullition,0.993519,,24.95,991,
Sample,July_17_O1,O1,2.02207E+13,2.02207E+13,0.70606,0.469719461,Exp:HutchisonMosier,0.980883,,0.034248,0,0.034248,0.604005138,Exp:HutchisonMosier_noEbullition,0.978183,,24,991,
Sample,July_17_O2,O2,2.02207E+13,2.02207E+13,0.61544,0.469719461,Exp:HutchisonMosier,0.895986,,0.486198,0,0.486198,0.604005138,Exp:HutchisonMosier_noEbullition,0.923681,,23.35,991,
Sample,July_17_O3,O3,2.02207E+13,2.02207E+13,-0.149034,0.469719461,Exp:HutchisonMosier,0.449222,,1.230415,0.333754,1.564169,0.604005138,Exp:HutchisonMosier_noEbullition,0.950115,,23.55,991,
Sample,July_17_V1,V1,2.02207E+13,2.02207E+13,-0.66197,0.329766791,Exp:HutchisonMosier,0.914458,,0.610256,-0.062548,0.547708,0.155964905,Exp:HutchisonMosier_noEbullition,0.971275,,23.55,991,
Sample,July_17_V2,V2,2.02207E+13,2.02207E+13,-1.036102,0.329766791,Exp:HutchisonMosier,0.93259,,0.305732,0.226954,0.532686,0.155964905,Exp:HutchisonMosier_noEbullition,0.945766,,23.9,991,
Sample,July_17_V3,V3,2.02207E+13,2.02207E+13,-0.378656,0.329766791,Exp:HutchisonMosier,0.762264,,0.399479,0,0.399479,0.155964905,Exp:HutchisonMosier_noEbullition,0.997958,,23.2,991,
Sample,July_18_O1,O1,2.02207E+13,2.02207E+13,0.795456,0.385854494,Exp:HutchisonMosier,0.740672,,0.676628,0.637563,1.314191,0.586431439,Exp:HutchisonMosier_noEbullition,0.850324,,25.5,991,
Sample,July_18_O2,O2,2.02207E+13,2.02207E+13,0.55872,0.385854494,Exp:HutchisonMosier,0.981061,,0.012634,0,0.012634,0.586431439,Exp:HutchisonMosier_noEbullition,0.993735,,24.45,991,
Sample,July_18_O3,O3,2.02207E+13,2.02207E+13,0.040992,0.385854494,Exp:HutchisonMosier,0.172285,,1.181912,0.232035,1.413947,0.586431439,Exp:HutchisonMosier_noEbullition,0.947846,,23.55,991,
Sample,July_18_V1,V1,2.02207E+13,2.02207E+13,-1.803339,0.558495462,Exp:HutchisonMosier,0.987872,,0.343214,0.06802,0.411234,0.08199158,Exp:HutchisonMosier_noEbullition,0.927489,,23.4,991,
Sample,July_18_V2,V2,2.02207E+13,2.02207E+13,-0.775586,0.558495462,Exp:HutchisonMosier,0.482751,,0.215894,1.459565,1.675459,0.08199158,Exp:HutchisonMosier_noEbullition,0.830367,,24.2,991,
Sample,July_18_V3,V3,2.02207E+13,2.02207E+13,-0.91059,0.558495462,Exp:HutchisonMosier,0.974591,,0.369053,0.06332,0.432373,0.08199158,Exp:HutchisonMosier_noEbullition,0.992494,,23.8,991,
Sample,July_19_O1,O1,2.02207E+13,2.02207E+13,0.918011,0.493507567,Exp:HutchisonMosier,0.982985,,0.031295,0,0.031295,0.014718737,Exp:HutchisonMosier_noEbullition,0.994344,,23.5,991,
Sample,July_19_O2,O2,2.02207E+13,2.02207E+13,0.681614,0.493507567,Exp:HutchisonMosier,0.985586,,0.015081,0,0.015081,0.014718737,Exp:HutchisonMosier_noEbullition,0.968231,,24.2,991,
Sample,July_19_O3,O3,2.02207E+13,2.02207E+13,-0.030089,0.493507567,Exp:HutchisonMosier,0.126734,,0.044466,0.09296,0.137426,0.014718737,Exp:HutchisonMosier_noEbullition,0.728869,,23.5,991,
Sample,July_19_V1,V1,2.02207E+13,2.02207E+13,-2.761965,1.493322603,Exp:HutchisonMosier,0.959121,,0.224983,1.082542,1.307525,0.095684039,Exp:HutchisonMosier_noEbullition,0.901524,,24.6,991,
Sample,July_19_V2,V2,2.02207E+13,2.02207E+13,0.218019,1.493322603,Exp:HutchisonMosier,0.259721,,0.108547,1.289168,1.397715,0.095684039,Exp:HutchisonMosier_noEbullition,0.841693,,24.55,991,
Sample,July_19_V3,V3,2.02207E+13,2.02207E+13,-1.444625,1.493322603,Exp:HutchisonMosier,0.991697,,0.298288,0,0.298288,0.095684039,Exp:HutchisonMosier_noEbullition,0.996978,,22.25,991,
Sample,August_7_O1,O1,2.02208E+13,2.02208E+13,2.705939,0.526673609,Exp:HutchisonMosier,0.971148,,0.000941,0,0.000941,0.001612589,Exp:HutchisonMosier_noEbullition,0.203196,,16.65,993,
Sample,August_7_O2,O2,2.02208E+13,2.02208E+13,2.353624,0.526673609,Exp:HutchisonMosier,0.984896,,-0.000908,0,-0.000908,0.001612589,Exp:HutchisonMosier_noEbullition,0.424634,,16.55,993,
Sample,August_7_O3,O3,2.02208E+13,2.02208E+13,1.670095,0.526673609,Exp:HutchisonMosier,0.865251,,0.002305,0,0.002305,0.001612589,Exp:HutchisonMosier_noEbullition,0.493923,,15.85,993,
Sample,August_7_V1,V1,2.02208E+13,2.02208E+13,4.213613,0.834368093,Exp:HutchisonMosier,0.95382,,0.017982,0.091626,0.109608,0.063080429,Exp:HutchisonMosier_noEbullition,0.768887,,16.45,993,
Sample,August_7_V2,V2,2.02208E+13,2.02208E+13,4.870328,0.834368093,Exp:HutchisonMosier,0.896068,,0.142456,0.045798,0.188254,0.063080429,Exp:HutchisonMosier_noEbullition,0.944955,,16.2,993,
Sample,August_7_V3,V3,2.02208E+13,2.02208E+13,3.213417,0.834368093,Exp:HutchisonMosier,0.975913,,0.098026,0.006756,0.104782,0.063080429,Exp:HutchisonMosier_noEbullition,0.963689,,15.75,993,
Sample,August_8_O1,O1,2.02208E+13,2.02208E+13,1.512518,0.636466185,Exp:HutchisonMosier,0.952157,,-0.000043,0,-0.000043,0.002820189,Exp:HutchisonMosier_noEbullition,0.002079,,16.5,993,
Sample,August_8_O2,O2,2.02208E+13,2.02208E+13,2.02432,0.636466185,Exp:HutchisonMosier,0.949059,,0.001835,0,0.001835,0.002820189,Exp:HutchisonMosier_noEbullition,0.688936,,17.4,993,
Sample,August_8_O3,O3,2.02208E+13,2.02208E+13,2.777781,0.636466185,Exp:HutchisonMosier,0.772383,,0.005502,0,0.005502,0.002820189,Exp:HutchisonMosier_noEbullition,0.493997,,16.75,993,
Sample,August_8_V1,V1,2.02208E+13,2.02208E+13,3.147294,1.623837613,Exp:HutchisonMosier,0.904947,,-0.012367,0.13403,0.121663,0.051453635,Exp:HutchisonMosier_noEbullition,0.549665,,16.05,993,
Sample,August_8_V2,V2,2.02208E+13,2.02208E+13,3.49023,1.623837613,Exp:HutchisonMosier,0.873383,,0.05705,0,0.05705,0.051453635,Exp:HutchisonMosier_noEbullition,0.962706,,16.15,993,
Sample,August_8_V3,V3,2.02208E+13,2.02208E+13,0.521917,1.623837613,Exp:HutchisonMosier,0.778563,,0.088132,0.020925,0.109057,0.051453635,Exp:HutchisonMosier_noEbullition,0.987381,,16.8,993,
Sample,August_9_O1,O1,2.02208E+13,2.02208E+13,2.718082,1.010650552,Exp:HutchisonMosier,0.994562,,0.001242,0,0.001242,0.000559092,Exp:HutchisonMosier_noEbullition,0.830595,,18.85,993,
Sample,August_9_O2,O2,2.02208E+13,2.02208E+13,2.694208,1.010650552,Exp:HutchisonMosier,0.983496,,0.000978,0,0.000978,0.000559092,Exp:HutchisonMosier_noEbullition,0.777396,,18.85,993,
Sample,August_9_O3,O3,2.02208E+13,2.02208E+13,0.955769,1.010650552,Exp:HutchisonMosier,0.945595,,0.002051,0,0.002051,0.000559092,Exp:HutchisonMosier_noEbullition,0.634185,,21.25,993,
Sample,August_9_V1,V1,2.02208E+13,2.02208E+13,4.091606,1.47881684,Exp:HutchisonMosier,0.905523,,0.070918,0.006287,0.077205,0.014059081,Exp:HutchisonMosier_noEbullition,0.982142,,18.4,993,
Sample,August_9_V2,V2,2.02208E+13,2.02208E+13,3.072127,1.47881684,Exp:HutchisonMosier,0.973404,,0.090167,0,0.090167,0.014059081,Exp:HutchisonMosier_noEbullition,0.998325,,17.9,993,
Sample,August_9_V3,V3,2.02208E+13,2.02208E+13,1.177455,1.47881684,Exp:HutchisonMosier,0.912435,,0.062792,0.007494,0.070286,0.014059081,Exp:HutchisonMosier_noEbullition,0.973022,,19.1,993,
Sample,August_10_O1,O1,2.02208E+13,2.02208E+13,1.060289,1.163242717,Exp:HutchisonMosier,0.840113,,-0.002065,0,-0.002065,0.008031822,Exp:HutchisonMosier_noEbullition,0.902274,,21.05,993,
Sample,August_10_O2,O2,2.02208E+13,2.02208E+13,2.572038,1.163242717,Exp:HutchisonMosier,0.971915,,0.000457,0,0.000457,0.008031822,Exp:HutchisonMosier_noEbullition,0.425678,,21.25,993,
Sample,August_10_O3,O3,2.02208E+13,2.02208E+13,0.284706,1.163242717,Exp:HutchisonMosier,0.722618,,0.012935,0,0.012935,0.008031822,Exp:HutchisonMosier_noEbullition,0.955576,,25.1,993,
Sample,August_10_V1,V1,2.02208E+13,2.02208E+13,-1.174222,3.149843517,Exp:HutchisonMosier,0.832328,,0.09281,0.014378,0.107188,0.007013952,Exp:HutchisonMosier_noEbullition,0.9818,,23.55,993,
Sample,August_10_V2,V2,2.02208E+13,2.02208E+13,-6.735517,3.149843517,Exp:HutchisonMosier,0.457209,,0.078883,0,0.078883,0.007013952,Exp:HutchisonMosier_noEbullition,0.975924,,23.6,993,
Sample,August_10_V3,V3,2.02208E+13,2.02208E+13,-6.517786,3.149843517,Exp:HutchisonMosier,0.644168,,0.084392,0,0.084392,0.007013952,Exp:HutchisonMosier_noEbullition,0.995008,,25,993,
Sample,August_11_O1,O1,2.02208E+13,2.02208E+13,1.619891,0.720074807,Exp:HutchisonMosier,0.986973,,-0.00003,0,-0.00003,0.003527375,Exp:HutchisonMosier_noEbullition,0.075557,,25.1,993,
Sample,August_11_O2,O2,2.02208E+13,2.02208E+13,2.098982,0.720074807,Exp:HutchisonMosier,0.980031,,0.000285,0,0.000285,0.003527375,Exp:HutchisonMosier_noEbullition,0.395419,,24.15,993,
Sample,August_11_O3,O3,2.02208E+13,2.02208E+13,0.683266,0.720074807,Exp:HutchisonMosier,0.438186,,0.006231,0,0.006231,0.003527375,Exp:HutchisonMosier_noEbullition,0.904446,,27.45,993,
Sample,August_11_V1,V1,2.02208E+13,2.02208E+13,0.082446,2.213672824,Exp:HutchisonMosier,0.049258,,0.137599,0.025268,0.162867,0.054583906,Exp:HutchisonMosier_noEbullition,0.551768,,28.6,993,
Sample,August_11_V2,V2,2.02208E+13,2.02208E+13,-4.24352,2.213672824,Exp:HutchisonMosier,0.986949,,0.070409,0,0.070409,0.054583906,Exp:HutchisonMosier_noEbullition,0.99912,,27.9,993,
Sample,August_11_V3,V3,2.02208E+13,2.02208E+13,-2.896353,2.213672824,Exp:HutchisonMosier,0.828937,,0.02949,0.026315,0.055805,0.054583906,Exp:HutchisonMosier_noEbullition,0.882314,,27.3,993,
Sample,August_12_O1,O1,2.02208E+13,2.02208E+13,0.659056,1.511529119,Exp:HutchisonMosier,0.7566,,-0.001496,0,-0.001496,0.001912405,Exp:HutchisonMosier_noEbullition,0.35818,,28,993,
Sample,August_12_O2,O2,2.02208E+13,2.02208E+13,2.407404,1.511529119,Exp:HutchisonMosier,0.977327,,0.000596,0,0.000596,0.001912405,Exp:HutchisonMosier_noEbullition,0.69439,,29.1,993,
Sample,August_12_O3,O3,2.02208E+13,2.02208E+13,3.669025,1.511529119,Exp:HutchisonMosier,0.991834,,0.002323,0,0.002323,0.001912405,Exp:HutchisonMosier_noEbullition,0.746712,,25.35,993,
Sample,August_12_V1,V1,2.02208E+13,2.02208E+13,0.119981,4.134823394,Exp:HutchisonMosier,0.094108,,0.076435,0.017755,0.09419,0.004849453,Exp:HutchisonMosier_noEbullition,0.900485,,28.2,993,
Sample,August_12_V2,V2,2.02208E+13,2.02208E+13,-8.030339,4.134823394,Exp:HutchisonMosier,0.859811,,0.07763,0,0.07763,0.004849453,Exp:HutchisonMosier_noEbullition,0.994122,,30.6,993,
Sample,August_12_V3,V3,2.02208E+13,2.02208E+13,-2.742947,4.134823394,Exp:HutchisonMosier,0.930519,,0.085368,0.003427,0.088795,0.004849453,Exp:HutchisonMosier_noEbullition,0.9921,,30.55,993,
Sample,August_13_O1,O1,2.02208E+13,2.02208E+13,1.127703,1.27515162,Exp:HutchisonMosier,0.990035,,0.001227,0,0.001227,0.006999822,Exp:HutchisonMosier_noEbullition,0.927676,,31.6,993,
Sample,August_13_O2,O2,2.02208E+13,2.02208E+13,3.173058,1.27515162,Exp:HutchisonMosier,0.984644,,0.001094,0,0.001094,0.006999822,Exp:HutchisonMosier_noEbullition,0.850298,,30.95,993,
Sample,August_13_O3,O3,2.02208E+13,2.02208E+13,3.469633,1.27515162,Exp:HutchisonMosier,0.754661,,0.013284,0,0.013284,0.006999822,Exp:HutchisonMosier_noEbullition,0.849522,,23.75,993,
Sample,August_13_V1,V1,2.02208E+13,2.02208E+13,0.007668,1.779674576,Exp:HutchisonMosier,0.311198,,0.269922,0,0.269922,0.120439071,Exp:HutchisonMosier_noEbullition,0.618527,,27.85,993,
Sample,August_13_V2,V2,2.02208E+13,2.02208E+13,-0.971317,1.779674576,Exp:HutchisonMosier,0.903072,,0.070919,0,0.070919,0.120439071,Exp:HutchisonMosier_noEbullition,0.998136,,27.15,993,
Sample,August_13_V3,V3,2.02208E+13,2.02208E+13,2.481774,1.779674576,Exp:HutchisonMosier,0.812976,,0.052883,0.000515,0.053398,0.120439071,Exp:HutchisonMosier_noEbullition,0.975514,,25.05,993,
Sample,August_14_O1,O1,2.02208E+13,2.02208E+13,0.982517,0.910372794,Exp:HutchisonMosier,0.896981,,0.001399,0,0.001399,0.001970226,Exp:HutchisonMosier_noEbullition,0.926132,,29.7,993,
Sample,August_14_O2,O2,2.02208E+13,2.02208E+13,2.014582,0.910372794,Exp:HutchisonMosier,0.966762,,0.003654,0,0.003654,0.001970226,Exp:HutchisonMosier_noEbullition,0.981935,,30.05,993,
Sample,August_14_O3,O3,2.02208E+13,2.02208E+13,2.797575,0.910372794,Exp:HutchisonMosier,0.942367,,0.005325,0,0.005325,0.001970226,Exp:HutchisonMosier_noEbullition,0.972499,,21.65,993,
Sample,August_14_V1,V1,2.02208E+13,2.02208E+13,3.928842,1.158557373,Exp:HutchisonMosier,0.983526,,0.078772,0.02836,0.107132,0.024832049,Exp:HutchisonMosier_noEbullition,0.990098,,24.25,993,
Sample,August_14_V2,V2,2.02208E+13,2.02208E+13,6.244377,1.158557373,Exp:HutchisonMosier,0.960325,,0.070544,0.006816,0.07736,0.024832049,Exp:HutchisonMosier_noEbullition,0.94395,,22.65,993,
Sample,August_14_V3,V3,2.02208E+13,2.02208E+13,5.160696,1.158557373,Exp:HutchisonMosier,0.872099,,0.117074,0.006995,0.124069,0.024832049,Exp:HutchisonMosier_noEbullition,0.989004,,21.95,993,
Sample,August_15_O1,O1,2.02208E+13,2.02208E+13,2.533084,0.295227956,Exp:HutchisonMosier,0.994124,,0.004171,0,0.004171,0.001709254,Exp:HutchisonMosier_noEbullition,0.987935,,32.15,993,
Sample,August_15_O2,O2,2.02208E+13,2.02208E+13,2.127041,0.295227956,Exp:HutchisonMosier,0.997307,,0.000786,0,0.000786,0.001709254,Exp:HutchisonMosier_noEbullition,0.867989,,33.1,993,
Sample,August_15_O3,O3,2.02208E+13,2.02208E+13,2.701311,0.295227956,Exp:HutchisonMosier,0.9941,,0.002892,0,0.002892,0.001709254,Exp:HutchisonMosier_noEbullition,0.977488,,24.65,993,
Sample,August_15_V1,V1,2.02208E+13,2.02208E+13,0.700249,2.578881729,Exp:HutchisonMosier,0.250557,,0.040811,0.038399,0.07921,0.028537056,Exp:HutchisonMosier_noEbullition,0.954475,,23.95,993,
Sample,August_15_V2,V2,2.02208E+13,2.02208E+13,2.758845,2.578881729,Exp:HutchisonMosier,0.972238,,0.039714,0.016082,0.055796,0.028537056,Exp:HutchisonMosier_noEbullition,0.965199,,22.3,993,
Sample,August_15_V3,V3,2.02208E+13,2.02208E+13,-2.366003,2.578881729,Exp:HutchisonMosier,0.786614,,-0.009156,0.017952,0.008796,0.028537056,Exp:HutchisonMosier_noEbullition,0.012405,,23.05,993,
Sample,August_16_O1,O1,2.02208E+13,2.02208E+13,3.679103,0.819360622,Exp:HutchisonMosier,0.996621,,0.006618,0,0.006618,0.003073862,Exp:HutchisonMosier_noEbullition,0.991064,,29.1,993,
Sample,August_16_O2,O2,2.02208E+13,2.02208E+13,2.044049,0.819360622,Exp:HutchisonMosier,0.983247,,0.001009,0,0.001009,0.003073862,Exp:HutchisonMosier_noEbullition,0.767177,,30.8,993,
Sample,August_16_O3,O3,2.02208E+13,2.02208E+13,2.766685,0.819360622,Exp:HutchisonMosier,0.97685,,0.001634,0,0.001634,0.003073862,Exp:HutchisonMosier_noEbullition,0.618363,,22,993,
Sample,August_16_V1,V1,2.02208E+13,2.02208E+13,2.790791,1.047100249,Exp:HutchisonMosier,0.993564,,0.111534,0,0.111534,0.043617634,Exp:HutchisonMosier_noEbullition,0.996989,,25.85,993,
Sample,August_16_V2,V2,2.02208E+13,2.02208E+13,0.909573,1.047100249,Exp:HutchisonMosier,0.872912,,0.032703,0,0.032703,0.043617634,Exp:HutchisonMosier_noEbullition,0.900371,,23.35,993,
Sample,August_16_V3,V3,2.02208E+13,2.02208E+13,1.0533,1.047100249,Exp:HutchisonMosier,0.653382,,0.039765,0.010194,0.049959,0.043617634,Exp:HutchisonMosier_noEbullition,0.937578,,21.75,993,
Sample,August_17_O1,O1,2.02208E+13,2.02208E+13,2.722058,0.60054805,Exp:HutchisonMosier,0.994109,,0.007234,0,0.007234,0.003110663,Exp:HutchisonMosier_noEbullition,0.990904,,29.45,993,
Sample,August_17_O2,O2,2.02208E+13,2.02208E+13,3.226767,0.60054805,Exp:HutchisonMosier,0.996419,,0.001767,0,0.001767,0.003110663,Exp:HutchisonMosier_noEbullition,0.964678,,31.2,993,
Sample,August_17_O3,O3,2.02208E+13,2.02208E+13,3.918301,0.60054805,Exp:HutchisonMosier,0.994406,,0.001929,0,0.001929,0.003110663,Exp:HutchisonMosier_noEbullition,0.966103,,23.6,993,
Sample,August_17_V1,V1,2.02208E+13,2.02208E+13,1.165268,0.77782774,Exp:HutchisonMosier,0.949508,,0.082594,0.010023,0.092617,0.046277171,Exp:HutchisonMosier_noEbullition,0.987412,,25.45,993,
Sample,August_17_V2,V2,2.02208E+13,2.02208E+13,1.512848,0.77782774,Exp:HutchisonMosier,0.803697,,0.083312,0,0.083312,0.046277171,Exp:HutchisonMosier_noEbullition,0.99238,,24.65,993,
Sample,August_17_V3,V3,2.02208E+13,2.02208E+13,0.025879,0.77782774,Exp:HutchisonMosier,0.057699,,0.002801,0.022941,0.025742,0.046277171,Exp:HutchisonMosier_noEbullition,0.135575,,24.25,993,
Sample,August_18_O1,O1,2.02208E+13,2.02208E+13,3.440608,0.368123985,Exp:HutchisonMosier,0.997149,,0.011997,0,0.011997,0.004951371,Exp:HutchisonMosier_noEbullition,0.991848,,28.5,993,
Sample,August_18_O2,O2,2.02208E+13,2.02208E+13,4.161976,0.368123985,Exp:HutchisonMosier,0.995882,,0.002291,0,0.002291,0.004951371,Exp:HutchisonMosier_noEbullition,0.963941,,28.4,993,
Sample,August_18_O3,O3,2.02208E+13,2.02208E+13,3.67375,0.368123985,Exp:HutchisonMosier,0.989705,,0.005443,0,0.005443,0.004951371,Exp:HutchisonMosier_noEbullition,0.979514,,20,993,
Sample,August_18_V1,V1,2.02208E+13,2.02208E+13,5.66622,1.060084893,Exp:HutchisonMosier,0.890599,,0.053811,0.082637,0.136448,0.008497181,Exp:HutchisonMosier_noEbullition,0.886078,,23.05,993,
Sample,August_18_V2,V2,2.02208E+13,2.02208E+13,4.541779,1.060084893,Exp:HutchisonMosier,0.997384,,0.058505,0,0.058505,0.008497181,Exp:HutchisonMosier_noEbullition,0.994908,,20.95,993,
Sample,August_18_V3,V3,2.02208E+13,2.02208E+13,3.54738,1.060084893,Exp:HutchisonMosier,0.990259,,0.070303,0.003509,0.073812,0.008497181,Exp:HutchisonMosier_noEbullition,0.994761,,20.05,993,
Sample,August_19_O1,O1,2.02208E+13,2.02208E+13,3.765001,0.827537383,Exp:HutchisonMosier,0.992345,,0.006861,0,0.006861,0.001011456,Exp:HutchisonMosier_noEbullition,0.986342,,25.25,993,
Sample,August_19_O2,O2,2.02208E+13,2.02208E+13,3.303543,0.827537383,Exp:HutchisonMosier,0.994495,,0.006142,0,0.006142,0.001011456,Exp:HutchisonMosier_noEbullition,0.981957,,23.15,993,
Sample,August_19_O3,O3,2.02208E+13,2.02208E+13,4.91077,0.827537383,Exp:HutchisonMosier,0.997648,,0.004864,0,0.004864,0.001011456,Exp:HutchisonMosier_noEbullition,0.985538,,21.1,993,
Sample,August_19_V1,V1,2.02208E+13,2.02208E+13,3.192735,2.364603033,Exp:HutchisonMosier,0.991255,,0.089961,0.004155,0.094116,0.046432742,Exp:HutchisonMosier_noEbullition,0.995328,,19.8,993,
Sample,August_19_V2,V2,2.02208E+13,2.02208E+13,4.618149,2.364603033,Exp:HutchisonMosier,0.976674,,0.060106,0,0.060106,0.046432742,Exp:HutchisonMosier_noEbullition,0.991468,,20.1,993,
Sample,August_19_V3,V3,2.02208E+13,2.02208E+13,0.000293,2.364603033,Exp:HutchisonMosier,0.007029,,-0.001121,0.048122,0.047001,0.046432742,Exp:HutchisonMosier_noEbullition,0.072688,,19.65,993,
Sample,September_7_O1,O1,2.02209E+13,2.02209E+13,0.135869,1.99699515,Exp:HutchisonMosier,0.459516,,-0.006612,0.102319,0.095707,0.062808219,Exp:HutchisonMosier_noEbullition,0.03469,,17.9,996,
Sample,September_7_O2,O2,2.02209E+13,2.02209E+13,0.365149,1.99699515,Exp:HutchisonMosier,0.021588,,0.025377,0.70239,0.727767,0.062808219,Exp:HutchisonMosier_noEbullition,0.464589,,17.8,996,
Sample,September_7_O3,O3,2.02209E+13,2.02209E+13,3.703702,1.99699515,Exp:HutchisonMosier,0.939293,,0.114583,0.036401,0.150984,0.062808219,Exp:HutchisonMosier_noEbullition,0.976336,,17,996,
Sample,September_7_V1,V1,2.02209E+13,2.02209E+13,0.640893,0.387212709,Exp:HutchisonMosier,0.80363,,0.143986,0.136661,0.280647,0.051497294,Exp:HutchisonMosier_noEbullition,0.97901,,17.2,996,
Sample,September_7_V2,V2,2.02209E+13,2.02209E+13,1.243044,0.387212709,Exp:HutchisonMosier,0.933745,,0.047472,0,0.047472,0.051497294,Exp:HutchisonMosier_noEbullition,0.961505,,16.7,996,
Sample,September_7_V3,V3,2.02209E+13,2.02209E+13,1.363705,0.387212709,Exp:HutchisonMosier,0.788186,,0.064589,0,0.064589,0.051497294,Exp:HutchisonMosier_noEbullition,0.988769,,16.85,996,
Sample,September_8_O1,O1,2.02209E+13,2.02209E+13,0.519804,0.09568797,Exp:HutchisonMosier,0.536434,,0.014655,0,0.014655,0.016158828,Exp:HutchisonMosier_noEbullition,0.973204,,17.15,996,
Sample,September_8_O2,O2,2.02209E+13,2.02209E+13,0.591299,0.09568797,Exp:HutchisonMosier,0.492112,,-0.011125,0.002318,-0.008807,0.016158828,Exp:HutchisonMosier_noEbullition,0.56293,,17.3,996,
Sample,September_8_O3,O3,2.02209E+13,2.02209E+13,0.709288,0.09568797,Exp:HutchisonMosier,0.553184,,0.018643,0,0.018643,0.016158828,Exp:HutchisonMosier_noEbullition,0.159842,,19.1,996,
Sample,September_8_V1,V1,2.02209E+13,2.02209E+13,0.904516,0.238293791,Exp:HutchisonMosier,0.94715,,0.017525,0.137694,0.155219,0.017252122,Exp:HutchisonMosier_noEbullition,0.767816,,17.75,996,
Sample,September_8_V2,V2,2.02209E+13,2.02209E+13,0.454091,0.238293791,Exp:HutchisonMosier,0.777932,,0.050539,0,0.050539,0.017252122,Exp:HutchisonMosier_noEbullition,0.982582,,17.35,996,
Sample,September_8_V3,V3,2.02209E+13,2.02209E+13,0.544434,0.238293791,Exp:HutchisonMosier,0.888918,,0.042719,0,0.042719,0.017252122,Exp:HutchisonMosier_noEbullition,0.996419,,17.75,996,
Sample,September_9_O1,O1,2.02209E+13,2.02209E+13,0.535866,0.287936086,Exp:HutchisonMosier,0.23233,,0.017736,0,0.017736,0.006140938,Exp:HutchisonMosier_noEbullition,0.985658,,18.75,996,
Sample,September_9_O2,O2,2.02209E+13,2.02209E+13,0.25338,0.287936086,Exp:HutchisonMosier,0.753048,,0.014694,0.225395,0.240089,0.006140938,Exp:HutchisonMosier_noEbullition,0.85719,,18.6,996,
Sample,September_9_O3,O3,2.02209E+13,2.02209E+13,0.829218,0.287936086,Exp:HutchisonMosier,0.96012,,0.00591,0,0.00591,0.006140938,Exp:HutchisonMosier_noEbullition,0.96539,,18.3,996,
Sample,September_9_V1,V1,2.02209E+13,2.02209E+13,1.367382,0.57507525,Exp:HutchisonMosier,0.885377,,0.066122,0.007015,0.073137,0.020513741,Exp:HutchisonMosier_noEbullition,0.986571,,18.8,996,
Sample,September_9_V2,V2,2.02209E+13,2.02209E+13,0.28676,0.57507525,Exp:HutchisonMosier,0.148224,,0.080213,0.018795,0.099008,0.020513741,Exp:HutchisonMosier_noEbullition,0.836846,,18.7,996,
Sample,September_9_V3,V3,2.02209E+13,2.02209E+13,0.486004,0.57507525,Exp:HutchisonMosier,0.357033,,0.106537,-0.010122,0.096415,0.020513741,Exp:HutchisonMosier_noEbullition,0.944661,,18.65,996,
Sample,September_10_O1,O1,2.02209E+13,2.02209E+13,0.132989,0.373240118,Exp:HutchisonMosier,0.334366,,0.00717,0.008268,0.015438,0.028748143,Exp:HutchisonMosier_noEbullition,0.893781,,19.1,996,
Sample,September_10_O2,O2,2.02209E+13,2.02209E+13,0.597545,0.373240118,Exp:HutchisonMosier,0.861601,,-0.000372,0.55561,0.555238,0.028748143,Exp:HutchisonMosier_noEbullition,0.000295,,19.1,996,
Sample,September_10_O3,O3,2.02209E+13,2.02209E+13,0.871296,0.373240118,Exp:HutchisonMosier,0.774157,,0.052762,0.111313,0.164075,0.028748143,Exp:HutchisonMosier_noEbullition,0.719745,,19.5,996,
Sample,September_10_V1,V1,2.02209E+13,2.02209E+13,-0.024169,0.719976451,Exp:HutchisonMosier,0.000491,,0.013984,0.032683,0.046667,0.013051523,Exp:HutchisonMosier_noEbullition,0.690427,,19.85,996,
Sample,September_10_V2,V2,2.02209E+13,2.02209E+13,-0.235236,0.719976451,Exp:HutchisonMosier,0.287956,,0.028775,0,0.028775,0.013051523,Exp:HutchisonMosier_noEbullition,0.989235,,19.8,996,
Sample,September_10_V3,V3,2.02209E+13,2.02209E+13,1.103864,0.719976451,Exp:HutchisonMosier,0.844004,,0.040006,0.018164,0.05817,0.013051523,Exp:HutchisonMosier_noEbullition,0.780438,,19.35,996,
Sample,September_11_O1,O1,2.02209E+13,2.02209E+13,0.435162,0.187589613,Exp:HutchisonMosier,0.466605,,0.015448,0,0.015448,0.006409007,Exp:HutchisonMosier_noEbullition,0.995418,,20.45,996,
Sample,September_11_O2,O2,2.02209E+13,2.02209E+13,0.095662,0.187589613,Exp:HutchisonMosier,0.403015,,0.015757,0,0.015757,0.006409007,Exp:HutchisonMosier_noEbullition,0.993137,,20.2,996,
Sample,September_11_O3,O3,2.02209E+13,2.02209E+13,0.403703,0.187589613,Exp:HutchisonMosier,0.935296,,0.004505,0,0.004505,0.006409007,Exp:HutchisonMosier_noEbullition,0.912176,,19.8,996,
Sample,September_11_V1,V1,2.02209E+13,2.02209E+13,-7.105721,3.741027524,Exp:HutchisonMosier,0.784522,,0.035767,0.041247,0.077014,0.01018437,Exp:HutchisonMosier_noEbullition,0.901979,,20.9,996,
Sample,September_11_V2,V2,2.02209E+13,2.02209E+13,-1.589208,3.741027524,Exp:HutchisonMosier,0.611226,,0.052945,0.003016,0.055961,0.01018437,Exp:HutchisonMosier_noEbullition,0.946318,,20.6,996,
Sample,September_11_V3,V3,2.02209E+13,2.02209E+13,0.029969,3.741027524,Exp:HutchisonMosier,0.552011,,0.034877,0,0.034877,0.01018437,Exp:HutchisonMosier_noEbullition,0.956787,,20.3,996,
Sample,September_12_O1,O1,2.02209E+13,2.02209E+13,-0.196893,0.336224822,Exp:HutchisonMosier,0.347097,,0.008999,0,0.008999,0.004182386,Exp:HutchisonMosier_noEbullition,0.997675,,21.05,996,
Sample,September_12_O2,O2,2.02209E+13,2.02209E+13,0.472176,0.336224822,Exp:HutchisonMosier,0.9704,,0.009313,0,0.009313,0.004182386,Exp:HutchisonMosier_noEbullition,0.994462,,21.5,996,
Sample,September_12_O3,O3,2.02209E+13,2.02209E+13,0.195963,0.336224822,Exp:HutchisonMosier,0.760451,,0.001917,0,0.001917,0.004182386,Exp:HutchisonMosier_noEbullition,0.892361,,21.65,996,
Sample,September_12_V1,V1,2.02209E+13,2.02209E+13,-1.939762,0.584268724,Exp:HutchisonMosier,0.813578,,0.136805,0,0.136805,0.051225019,Exp:HutchisonMosier_noEbullition,0.992974,,21.6,996,
Sample,September_12_V2,V2,2.02209E+13,2.02209E+13,-1.479196,0.584268724,Exp:HutchisonMosier,0.971066,,0.054306,0,0.054306,0.051225019,Exp:HutchisonMosier_noEbullition,0.990766,,21.95,996,
Sample,September_12_V3,V3,2.02209E+13,2.02209E+13,-0.779415,0.584268724,Exp:HutchisonMosier,0.72032,,0.042949,0.003853,0.046802,0.051225019,Exp:HutchisonMosier_noEbullition,0.980077,,21.6,996,
Sample,September_13_O1,O1,2.02209E+13,2.02209E+13,-0.165573,0.256231493,Exp:HutchisonMosier,0.083936,,0.006209,0,0.006209,0.021930353,Exp:HutchisonMosier_noEbullition,0.988879,,23.75,996,
Sample,September_13_O2,O2,2.02209E+13,2.02209E+13,0.325249,0.256231493,Exp:HutchisonMosier,0.859208,,0.0214,0,0.0214,0.021930353,Exp:HutchisonMosier_noEbullition,0.983781,,25.6,996,
Sample,September_13_O3,O3,2.02209E+13,2.02209E+13,0.207447,0.256231493,Exp:HutchisonMosier,0.542592,,0.049438,0,0.049438,0.021930353,Exp:HutchisonMosier_noEbullition,0.533094,,23.4,996,
Sample,September_13_V1,V1,2.02209E+13,2.02209E+13,-1.668806,0.870555613,Exp:HutchisonMosier,0.600756,,0.152086,0.062155,0.214241,0.05401044,Exp:HutchisonMosier_noEbullition,0.848579,,22.1,996,
Sample,September_13_V2,V2,2.02209E+13,2.02209E+13,-0.757999,0.870555613,Exp:HutchisonMosier,0.164615,,0.081594,0.016245,0.097839,0.05401044,Exp:HutchisonMosier_noEbullition,0.78422,,21.4,996,
Sample,September_13_V3,V3,2.02209E+13,2.02209E+13,0.071675,0.870555613,Exp:HutchisonMosier,0.012047,,0.045956,0.004992,0.050948,0.05401044,Exp:HutchisonMosier_noEbullition,0.973255,,20.55,996,
Sample,September_14_O1,O1,2.02209E+13,2.02209E+13,-0.003054,0.187217809,Exp:HutchisonMosier,0.000493,,0.006256,0.046422,0.052678,0.005180103,Exp:HutchisonMosier_noEbullition,0.983572,,27.7,996,
Sample,September_14_O2,O2,2.02209E+13,2.02209E+13,0.368471,0.187217809,Exp:HutchisonMosier,0.793602,,0.013412,0,0.013412,0.005180103,Exp:HutchisonMosier_noEbullition,0.961715,,25.8,996,
Sample,September_14_O3,O3,2.02209E+13,2.02209E+13,0.223062,0.187217809,Exp:HutchisonMosier,0.620251,,0.016322,0,0.016322,0.005180103,Exp:HutchisonMosier_noEbullition,0.853973,,20.7,996,
Sample,September_14_V1,V1,2.02209E+13,2.02209E+13,-0.423981,2.464528079,Exp:HutchisonMosier,0.278988,,0.054153,0.004242,0.058395,0.028694403,Exp:HutchisonMosier_noEbullition,0.976469,,20.1,996,
Sample,September_14_V2,V2,2.02209E+13,2.02209E+13,-4.273355,2.464528079,Exp:HutchisonMosier,0.329086,,0.029713,0.000644,0.030357,0.028694403,Exp:HutchisonMosier_noEbullition,0.791787,,20.7,996,
Sample,September_14_V3,V3,2.02209E+13,2.02209E+13,0.317497,2.464528079,Exp:HutchisonMosier,0.78974,,0.086901,0,0.086901,0.028694403,Exp:HutchisonMosier_noEbullition,0.983551,,20.45,996,
Sample,September_15_O1,O1,2.02209E+13,2.02209E+13,0.211032,0.695118649,Exp:HutchisonMosier,0.888708,,0.011195,0,0.011195,0.007786605,Exp:HutchisonMosier_noEbullition,0.986023,,28.55,996,
Sample,September_15_O2,O2,2.02209E+13,2.02209E+13,1.477971,0.695118649,Exp:HutchisonMosier,0.329554,,0.025372,4.134167,4.159539,0.007786605,Exp:HutchisonMosier_noEbullition,0.840567,,28.8,996,
Sample,September_15_O3,O3,2.02209E+13,2.02209E+13,0.348801,0.695118649,Exp:HutchisonMosier,0.687197,,0.012702,0,0.012702,0.007786605,Exp:HutchisonMosier_noEbullition,0.485226,,20.75,996,
Sample,September_15_V1,V1,2.02209E+13,2.02209E+13,0.71341,0.183765699,Exp:HutchisonMosier,0.892131,,0.037162,0.021179,0.058341,0.045277399,Exp:HutchisonMosier_noEbullition,0.914934,,23.45,996,
Sample,September_15_V2,V2,2.02209E+13,2.02209E+13,1.044923,0.183765699,Exp:HutchisonMosier,0.863173,,0.062706,0,0.062706,0.045277399,Exp:HutchisonMosier_noEbullition,0.995048,,20.9,996,
Sample,September_15_V3,V3,2.02209E+13,2.02209E+13,0.741748,0.183765699,Exp:HutchisonMosier,0.882542,,0.125172,0.004152,0.129324,0.045277399,Exp:HutchisonMosier_noEbullition,0.951985,,20.8,996,
Sample,September_16_O1,O1,2.02209E+13,2.02209E+13,-0.055121,0.733674904,Exp:HutchisonMosier,0.163525,,0.004377,0,0.004377,0.014226281,Exp:HutchisonMosier_noEbullition,0.987465,,27.3,996,
Sample,September_16_O3,O3,2.02209E+13,2.02209E+13,0.982452,0.733674904,Exp:HutchisonMosier,0.962101,,0.024496,0,0.024496,0.014226281,Exp:HutchisonMosier_noEbullition,0.971293,,23.25,996,
Sample,September_16_V1,V1,2.02209E+13,2.02209E+13,1.029924,0.717644587,Exp:HutchisonMosier,0.892568,,0.058717,0.062535,0.121252,0.008433032,Exp:HutchisonMosier_noEbullition,0.919465,,21.25,996,
Sample,September_16_V2,V2,2.02209E+13,2.02209E+13,0.000257,0.717644587,Exp:HutchisonMosier,0.087811,,0.053927,0.032069,0.085996,0.008433032,Exp:HutchisonMosier_noEbullition,0.906753,,21.3,996,
Sample,September_16_V3,V3,2.02209E+13,2.02209E+13,1.381047,0.717644587,Exp:HutchisonMosier,0.945845,,0.070327,0,0.070327,0.008433032,Exp:HutchisonMosier_noEbullition,0.948465,,25.65,996,
Sample,September_17_O1,O1,2.02209E+13,2.02209E+13,0.068782,0.448249509,Exp:HutchisonMosier,0.333952,,0.054616,0.019049,0.073665,0.025533658,Exp:HutchisonMosier_noEbullition,0.863406,,26.55,996,
Sample,September_17_O2,O2,2.02209E+13,2.02209E+13,0.288481,0.448249509,Exp:HutchisonMosier,0.829512,,0.003746,0,0.003746,0.025533658,Exp:HutchisonMosier_noEbullition,0.903721,,22.95,996,
Sample,September_17_O3,O3,2.02209E+13,2.02209E+13,0.931348,0.448249509,Exp:HutchisonMosier,0.952857,,0.025297,0,0.025297,0.025533658,Exp:HutchisonMosier_noEbullition,0.990922,,20.85,996,
Sample,September_17_V1,V1,2.02209E+13,2.02209E+13,1.009288,1.365534365,Exp:HutchisonMosier,0.850546,,0.073695,0.016301,0.089996,0.097084396,Exp:HutchisonMosier_noEbullition,0.987957,,20.2,996,
Sample,September_17_V2,V2,2.02209E+13,2.02209E+13,2.858317,1.365534365,Exp:HutchisonMosier,0.812725,,0.214088,0.028258,0.242346,0.097084396,Exp:HutchisonMosier_noEbullition,0.953677,,20.35,996,
Sample,September_17_V3,V3,2.02209E+13,2.02209E+13,0.19315,1.365534365,Exp:HutchisonMosier,0.358395,,0.02773,0.026827,0.054557,0.097084396,Exp:HutchisonMosier_noEbullition,0.877153,,22.65,996,
Sample,September_18_O1,O1,2.02209E+13,2.02209E+13,0.643788,0.418821822,Exp:HutchisonMosier,0.985569,,0.014537,0,0.014537,0.045453392,Exp:HutchisonMosier_noEbullition,0.989077,,22.75,996,
Sample,September_18_O2,O2,2.02209E+13,2.02209E+13,0.397395,0.418821822,Exp:HutchisonMosier,0.534357,,0.088051,0.028012,0.116063,0.045453392,Exp:HutchisonMosier_noEbullition,0.773961,,18.75,996,
Sample,September_18_O3,O3,2.02209E+13,2.02209E+13,1.213919,0.418821822,Exp:HutchisonMosier,0.993616,,0.004982,0,0.004982,0.045453392,Exp:HutchisonMosier_noEbullition,0.97854,,20.2,996,
Sample,September_18_V1,V1,2.02209E+13,2.02209E+13,2.648898,0.44969633,Exp:HutchisonMosier,0.993774,,0.137567,0.029152,0.166719,0.049321029,Exp:HutchisonMosier_noEbullition,0.997408,,19.35,996,
Sample,September_18_V2,V2,2.02209E+13,2.02209E+13,1.751107,0.44969633,Exp:HutchisonMosier,0.99628,,0.046973,0,0.046973,0.049321029,Exp:HutchisonMosier_noEbullition,0.999611,,18.75,996,
Sample,September_18_V3,V3,2.02209E+13,2.02209E+13,2.246466,0.44969633,Exp:HutchisonMosier,0.975605,,0.058473,0,0.058473,0.049321029,Exp:HutchisonMosier_noEbullition,0.990049,,20.65,996,
Sample,September_19_O1,O1,2.02209E+13,2.02209E+13,0.686651,0.128250037,Exp:HutchisonMosier,0.946159,,0.015685,0,0.015685,0.006687278,Exp:HutchisonMosier_noEbullition,0.982697,,21.6,996,
Sample,September_19_O2,O2,2.02209E+13,2.02209E+13,0.430267,0.128250037,Exp:HutchisonMosier,0.957353,,0.003019,0,0.003019,0.006687278,Exp:HutchisonMosier_noEbullition,0.865051,,18.6,996,
Sample,September_19_O3,O3,2.02209E+13,2.02209E+13,0.551777,0.128250037,Exp:HutchisonMosier,0.852236,,0.005632,0,0.005632,0.006687278,Exp:HutchisonMosier_noEbullition,0.837724,,20.25,996,
Sample,September_19_V1,V1,2.02209E+13,2.02209E+13,2.537124,1.014864341,Exp:HutchisonMosier,0.990557,,0.070121,0,0.070121,0.018969014,Exp:HutchisonMosier_noEbullition,0.993003,,18.2,996,
Sample,September_19_V2,V2,2.02209E+13,2.02209E+13,0.878477,1.014864341,Exp:HutchisonMosier,0.718958,,0.032694,0,0.032694,0.018969014,Exp:HutchisonMosier_noEbullition,0.983356,,18.15,996,
Sample,September_19_V3,V3,2.02209E+13,2.02209E+13,2.720972,1.014864341,Exp:HutchisonMosier,0.972254,,0.046033,0,0.046033,0.018969014,Exp:HutchisonMosier_noEbullition,0.997721,,28.65,996,
Sample,October_7_O1,O1,2.0221E+13,2.0221E+13,0.856291,0.142701496,Exp:HutchisonMosier,0.994855,,0.0169,0,0.0169,0.019450214,Exp:HutchisonMosier_noEbullition,0.99794,,14.55,994,
Sample,October_7_O2,O2,2.0221E+13,2.0221E+13,0.858759,0.142701496,Exp:HutchisonMosier,0.992696,,0.046598,0,0.046598,0.019450214,Exp:HutchisonMosier_noEbullition,0.997353,,14.65,994,
Sample,October_7_O3,O3,2.0221E+13,2.0221E+13,0.610368,0.142701496,Exp:HutchisonMosier,0.977754,,0.00999,0.010498,0.020488,0.019450214,Exp:HutchisonMosier_noEbullition,0.778379,,12.55,994,
Sample,October_7_V1,V1,2.0221E+13,2.0221E+13,1.909032,0.403972852,Exp:HutchisonMosier,0.956354,,0.058523,0,0.058523,0.017008216,Exp:HutchisonMosier_noEbullition,0.979459,,13.15,994,
Sample,October_7_V2,V2,2.0221E+13,2.0221E+13,1.866133,0.403972852,Exp:HutchisonMosier,0.978115,,0.05394,0,0.05394,0.017008216,Exp:HutchisonMosier_noEbullition,0.97173,,12.5,994,
Sample,October_7_V3,V3,2.0221E+13,2.0221E+13,1.188868,0.403972852,Exp:HutchisonMosier,0.892057,,0.027041,0,0.027041,0.017008216,Exp:HutchisonMosier_noEbullition,0.931366,,12.45,994,
Sample,October_8_O1,O1,2.0221E+13,2.0221E+13,0.715133,0.301307442,Exp:HutchisonMosier,0.952937,,0.032769,0.017178,0.049947,0.035653953,Exp:HutchisonMosier_noEbullition,0.937082,,14.9,994,
Sample,October_8_O2,O2,2.0221E+13,2.0221E+13,0.95372,0.301307442,Exp:HutchisonMosier,0.990971,,0.074488,0,0.074488,0.035653953,Exp:HutchisonMosier_noEbullition,0.996038,,14.5,994,
Sample,October_8_O3,O3,2.0221E+13,2.0221E+13,0.355192,0.301307442,Exp:HutchisonMosier,0.963583,,0.003546,0,0.003546,0.035653953,Exp:HutchisonMosier_noEbullition,0.985789,,13.2,994,
Sample,October_8_V1,V1,2.0221E+13,2.0221E+13,0.892447,0.333133508,Exp:HutchisonMosier,0.587847,,0.026268,0.059038,0.085306,0.008762267,Exp:HutchisonMosier_noEbullition,0.193327,,13.75,994,
Sample,October_8_V2,V2,2.0221E+13,2.0221E+13,0.564523,0.333133508,Exp:HutchisonMosier,0.964897,,0.011259,0,0.011259,0.008762267,Exp:HutchisonMosier_noEbullition,0.990729,,13,994,
Sample,October_8_V3,V3,2.0221E+13,2.0221E+13,1.230763,0.333133508,Exp:HutchisonMosier,0.934556,,0.026598,0,0.026598,0.008762267,Exp:HutchisonMosier_noEbullition,0.983671,,13.35,994,
Sample,October_9_O1,O1,2.0221E+13,2.0221E+13,0.456373,0.320733961,Exp:HutchisonMosier,0.977752,,0.006645,0,0.006645,0.030514916,Exp:HutchisonMosier_noEbullition,0.997046,,15.5,994,
Sample,October_9_O2,O2,2.0221E+13,2.0221E+13,0.964463,0.320733961,Exp:HutchisonMosier,0.989987,,0.057513,0.007804,0.065317,0.030514916,Exp:HutchisonMosier_noEbullition,0.987343,,15.45,994,
Sample,October_9_O3,O3,2.0221E+13,2.0221E+13,0.37131,0.320733961,Exp:HutchisonMosier,0.980663,,0.002876,0,0.002876,0.030514916,Exp:HutchisonMosier_noEbullition,0.977824,,14.2,994,
Sample,October_9_V1,V1,2.0221E+13,2.0221E+13,0.71406,0.35534036,Exp:HutchisonMosier,0.960515,,0.046178,0.090216,0.136394,0.018112234,Exp:HutchisonMosier_noEbullition,0.986553,,14.8,994,
Sample,October_9_V2,V2,2.0221E+13,2.0221E+13,0.599549,0.35534036,Exp:HutchisonMosier,0.753093,,0.011304,0,0.011304,0.018112234,Exp:HutchisonMosier_noEbullition,0.977821,,14.8,994,
Sample,October_9_V3,V3,2.0221E+13,2.0221E+13,1.26423,0.35534036,Exp:HutchisonMosier,0.950319,,0.037227,0,0.037227,0.018112234,Exp:HutchisonMosier_noEbullition,0.973572,,14.65,994,
Sample,October_10_O1,O1,2.0221E+13,2.0221E+13,0.18998,0.530949096,Exp:HutchisonMosier,0.921338,,0.00374,0,0.00374,0.034074333,Exp:HutchisonMosier_noEbullition,0.992797,,17.05,994,
Sample,October_10_O2,O2,2.0221E+13,2.0221E+13,0.823714,0.530949096,Exp:HutchisonMosier,0.99411,,0.062516,0,0.062516,0.034074333,Exp:HutchisonMosier_noEbullition,0.997956,,17.05,994,
Sample,October_10_O3,O3,2.0221E+13,2.0221E+13,-0.23106,0.530949096,Exp:HutchisonMosier,0.845594,,0.003258,0,0.003258,0.034074333,Exp:HutchisonMosier_noEbullition,0.944228,,17.25,994,
Sample,October_10_V1,V1,2.0221E+13,2.0221E+13,0.262711,1.187446429,Exp:HutchisonMosier,0.778937,,0.043945,0.08383,0.127775,0.025198248,Exp:HutchisonMosier_noEbullition,0.981337,,18.1,994,
Sample,October_10_V2,V2,2.0221E+13,2.0221E+13,-1.830596,1.187446429,Exp:HutchisonMosier,0.872847,,0.012406,0,0.012406,0.025198248,Exp:HutchisonMosier_noEbullition,0.992465,,17.7,994,
Sample,October_10_V3,V3,2.0221E+13,2.0221E+13,-1.755352,1.187446429,Exp:HutchisonMosier,0.161373,,0.062217,0.00221,0.064427,0.025198248,Exp:HutchisonMosier_noEbullition,0.986926,,17.95,994,
Sample,October_11_O1,O1,2.0221E+13,2.0221E+13,0.02051,0.424746677,Exp:HutchisonMosier,0.106998,,0.005097,0,0.005097,0.024965832,Exp:HutchisonMosier_noEbullition,0.994631,,19.85,994,
Sample,October_11_O2,O2,2.0221E+13,2.0221E+13,0.646086,0.424746677,Exp:HutchisonMosier,0.974155,,0.046756,0.006678,0.053434,0.024965832,Exp:HutchisonMosier_noEbullition,0.984466,,20.25,994,
Sample,October_11_O3,O3,2.0221E+13,2.0221E+13,-0.164417,0.424746677,Exp:HutchisonMosier,0.415393,,0.002088,0,0.002088,0.024965832,Exp:HutchisonMosier_noEbullition,0.95676,,19.2,994,
Sample,October_11_V1,V1,2.0221E+13,2.0221E+13,0.443746,0.257403442,Exp:HutchisonMosier,0.664214,,0.037253,0.002655,0.039908,0.01294522,Exp:HutchisonMosier_noEbullition,0.98528,,20.7,994,
Sample,October_11_V2,V2,2.0221E+13,2.0221E+13,0.003443,0.257403442,Exp:HutchisonMosier,0.000057,,0.015938,0,0.015938,0.01294522,Exp:HutchisonMosier_noEbullition,0.89556,,19.85,994,
Sample,October_11_V3,V3,2.0221E+13,2.0221E+13,-0.007424,0.257403442,Exp:HutchisonMosier,0.000621,,0.013868,0,0.013868,0.01294522,Exp:HutchisonMosier_noEbullition,0.953355,,19.4,994,
Sample,October_12_O1,O1,2.0221E+13,2.0221E+13,0.120682,0.275572519,Exp:HutchisonMosier,0.20669,,0.006424,0.002138,0.008562,0.016574169,Exp:HutchisonMosier_noEbullition,0.740053,,19.75,994,
Sample,October_12_O2,O2,2.0221E+13,2.0221E+13,0.491219,0.275572519,Exp:HutchisonMosier,0.6358,,0.032781,0.011243,0.044024,0.016574169,Exp:HutchisonMosier_noEbullition,0.981586,,20.45,994,
Sample,October_12_O3,O3,2.0221E+13,2.0221E+13,-0.047387,0.275572519,Exp:HutchisonMosier,0.143767,,0.002193,0,0.002193,0.016574169,Exp:HutchisonMosier_noEbullition,0.950455,,20.05,994,
Sample,October_12_V1,V1,2.0221E+13,2.0221E+13,0.110431,0.41153568,Exp:HutchisonMosier,0.387144,,0.02813,0.043618,0.071748,0.010843807,Exp:HutchisonMosier_noEbullition,0.980726,,19.25,994,
Sample,October_12_V2,V2,2.0221E+13,2.0221E+13,-0.316339,0.41153568,Exp:HutchisonMosier,0.208119,,0.006853,0,0.006853,0.010843807,Exp:HutchisonMosier_noEbullition,0.849428,,19.05,994,
Sample,October_12_V3,V3,2.0221E+13,2.0221E+13,0.506542,0.41153568,Exp:HutchisonMosier,0.700203,,0.013854,0,0.013854,0.010843807,Exp:HutchisonMosier_noEbullition,0.962317,,18.85,994,
Sample,October_13_O1,O1,2.0221E+13,2.0221E+13,-0.025218,2.245306733,Exp:HutchisonMosier,0.000805,,0.001768,0,0.001768,0.005546605,Exp:HutchisonMosier_noEbullition,0.732971,,19,994,
Sample,October_13_O2,O2,2.0221E+13,2.0221E+13,-0.087565,2.245306733,Exp:HutchisonMosier,0.013623,,-0.007843,-0.04999,-0.057833,0.005546605,Exp:HutchisonMosier_noEbullition,0.762127,,18.6,994,
Sample,October_13_O3,O3,2.0221E+13,2.0221E+13,-3.945002,2.245306733,Exp:HutchisonMosier,0.11783,,0.00176,0,0.00176,0.005546605,Exp:HutchisonMosier_noEbullition,0.739491,,19.4,994,
Sample,October_13_V1,V1,2.0221E+13,2.0221E+13,0.100453,0.230771504,Exp:HutchisonMosier,0.155382,,0.039064,0.00836,0.047424,0.021554683,Exp:HutchisonMosier_noEbullition,0.969063,,19.65,994,
Sample,October_13_V2,V2,2.0221E+13,2.0221E+13,-0.207087,0.230771504,Exp:HutchisonMosier,0.002504,,0.001138,0,0.001138,0.021554683,Exp:HutchisonMosier_noEbullition,0.274397,,20.15,994,
Sample,October_13_V3,V3,2.0221E+13,2.0221E+13,-0.351362,0.230771504,Exp:HutchisonMosier,0.206885,,0.002352,0,0.002352,0.021554683,Exp:HutchisonMosier_noEbullition,0.719066,,19.25,994,
Sample,October_14_O2,O2,2.0221E+13,2.0221E+13,-0.02485,0.154835172,Exp:HutchisonMosier,0.007767,,0.015808,0,0.015808,0.0028058,Exp:HutchisonMosier_noEbullition,0.995226,,20.85,994,
Sample,October_14_O3,O3,2.0221E+13,2.0221E+13,0.19412,0.154835172,Exp:HutchisonMosier,0.075787,,0.019776,0.001946,0.021722,0.0028058,Exp:HutchisonMosier_noEbullition,0.51554,,19.4,994,
Sample,October_14_V1,V1,2.0221E+13,2.0221E+13,-0.202301,0.131056641,Exp:HutchisonMosier,0.004953,,0.034272,0.004346,0.038618,0.01666405,Exp:HutchisonMosier_noEbullition,0.627427,,20.2,994,
Sample,October_14_V2,V2,2.0221E+13,2.0221E+13,-0.44736,0.131056641,Exp:HutchisonMosier,0.001828,,0.044938,0.001817,0.046755,0.01666405,Exp:HutchisonMosier_noEbullition,0.723022,,19.65,994,
Sample,October_14_V3,V3,2.0221E+13,2.0221E+13,-0.244288,0.131056641,Exp:HutchisonMosier,0.030201,,0.01226,-0.002665,0.009595,0.01666405,Exp:HutchisonMosier_noEbullition,0.786646,,20.25,994,
Sample,October_15_O1,O1,2.0221E+13,2.0221E+13,-0.362305,0.378855241,Exp:HutchisonMosier,0.40796,,-0.002981,-0.002049,-0.00503,0.011834507,Exp:HutchisonMosier_noEbullition,0.52967,,21.55,994,
Sample,October_15_O2,O2,2.0221E+13,2.0221E+13,0.37038,0.378855241,Exp:HutchisonMosier,0.506334,,0.020681,0.081714,0.102395,0.011834507,Exp:HutchisonMosier_noEbullition,0.583356,,20.6,994,
Sample,October_15_O3,O3,2.0221E+13,2.0221E+13,0.17129,0.378855241,Exp:HutchisonMosier,0.012623,,0.009349,0.002335,0.011684,0.011834507,Exp:HutchisonMosier_noEbullition,0.808031,,20.3,994,
Sample,October_15_V1,V1,2.0221E+13,2.0221E+13,-0.341372,0.263875882,Exp:HutchisonMosier,0.036752,,0.015928,0.00343,0.019358,0.011071061,Exp:HutchisonMosier_noEbullition,0.890535,,21.35,994,
Sample,October_15_V2,V2,2.0221E+13,2.0221E+13,0.149582,0.263875882,Exp:HutchisonMosier,0.044327,,-0.000575,0.010423,0.009848,0.011071061,Exp:HutchisonMosier_noEbullition,0.054738,,20.6,994,
Sample,October_15_V3,V3,2.0221E+13,2.0221E+13,0.071779,0.263875882,Exp:HutchisonMosier,0.009989,,0.020461,0,0.020461,0.011071061,Exp:HutchisonMosier_noEbullition,0.876705,,20.2,994,
Sample,October_16_O1,O1,2.0221E+13,2.0221E+13,-0.640809,0.349106005,Exp:HutchisonMosier,0.047069,,0.08379,0.010658,0.094448,0.046918762,Exp:HutchisonMosier_noEbullition,0.481265,,20.15,994,
Sample,October_16_O2,O2,2.0221E+13,2.0221E+13,-0.024201,0.349106005,Exp:HutchisonMosier,0.00273,,0.005022,0.014664,0.019686,0.046918762,Exp:HutchisonMosier_noEbullition,0.656591,,20.75,994,
Sample,October_16_O3,O3,2.0221E+13,2.0221E+13,-0.048831,0.349106005,Exp:HutchisonMosier,0.003322,,0.000238,0,0.000238,0.046918762,Exp:HutchisonMosier_noEbullition,0.027938,,19.3,994,
Sample,October_16_V1,V1,2.0221E+13,2.0221E+13,0.628038,2.814061039,Exp:HutchisonMosier,0.292695,,0.028076,0.007974,0.03605,0.011413429,Exp:HutchisonMosier_noEbullition,0.539368,,19.3,994,
Sample,October_16_V2,V2,2.0221E+13,2.0221E+13,-4.37145,2.814061039,Exp:HutchisonMosier,0.205803,,0.012123,-0.002464,0.009659,0.011413429,Exp:HutchisonMosier_noEbullition,0.900904,,20.5,994,
Sample,October_16_V3,V3,2.0221E+13,2.0221E+13,0.366744,2.814061039,Exp:HutchisonMosier,0.403642,,0.00596,-0.001884,0.004076,0.011413429,Exp:HutchisonMosier_noEbullition,0.754586,,20.35,994,
Sample,October_17_O1,O1,2.0221E+13,2.0221E+13,0.067498,0.420409055,Exp:HutchisonMosier,0.201627,,0.001465,0,0.001465,0.011827446,Exp:HutchisonMosier_noEbullition,0.908339,,20.6,994,
Sample,October_17_O2,O2,2.0221E+13,2.0221E+13,0.26404,0.420409055,Exp:HutchisonMosier,0.632761,,0.025108,0.058208,0.083316,0.011827446,Exp:HutchisonMosier_noEbullition,0.964133,,20.25,994,
Sample,October_17_O3,O3,2.0221E+13,2.0221E+13,-0.542228,0.420409055,Exp:HutchisonMosier,0.152093,,0.012637,0.000556,0.013193,0.011827446,Exp:HutchisonMosier_noEbullition,0.250814,,17.85,994,
Sample,October_17_V1,V1,2.0221E+13,2.0221E+13,2.52914,1.023930944,Exp:HutchisonMosier,0.751666,,0.031573,0.005175,0.036748,0.016796264,Exp:HutchisonMosier_noEbullition,0.97178,,18.6,994,
Sample,October_17_V2,V2,2.0221E+13,2.0221E+13,1.061248,1.023930944,Exp:HutchisonMosier,0.121136,,-0.001992,0.008098,0.006106,0.016796264,Exp:HutchisonMosier_noEbullition,0.303247,,17.95,994,
Sample,October_17_V3,V3,2.0221E+13,2.0221E+13,0.558556,1.023930944,Exp:HutchisonMosier,0.1591,,0.013613,0.002954,0.016567,0.016796264,Exp:HutchisonMosier_noEbullition,0.726074,,17.3,994,
Sample,October_18_O1,O1,2.0221E+13,2.0221E+13,0.558684,0.257884087,Exp:HutchisonMosier,0.983842,,0.002604,0,0.002604,0.040624594,Exp:HutchisonMosier_noEbullition,0.983452,,20.9,994,
Sample,October_18_O2,O2,2.0221E+13,2.0221E+13,1.045923,0.257884087,Exp:HutchisonMosier,0.994469,,0.080831,0.003922,0.084753,0.040624594,Exp:HutchisonMosier_noEbullition,0.997788,,20.4,994,
Sample,October_18_O3,O3,2.0221E+13,2.0221E+13,0.9488,0.257884087,Exp:HutchisonMosier,0.852481,,0.06073,0,0.06073,0.040624594,Exp:HutchisonMosier_noEbullition,0.942603,,18.2,994,
Sample,October_18_V1,V1,2.0221E+13,2.0221E+13,2.655247,0.733879053,Exp:HutchisonMosier,0.988222,,0.051029,0.002773,0.053802,0.019962232,Exp:HutchisonMosier_noEbullition,0.985796,,19.85,994,
Sample,October_18_V2,V2,2.0221E+13,2.0221E+13,2.370709,0.733879053,Exp:HutchisonMosier,0.993005,,0.019294,0,0.019294,0.019962232,Exp:HutchisonMosier_noEbullition,0.996252,,19.6,994,
Sample,October_18_V3,V3,2.0221E+13,2.0221E+13,1.265976,0.733879053,Exp:HutchisonMosier,0.960212,,0.014182,0,0.014182,0.019962232,Exp:HutchisonMosier_noEbullition,0.982366,,18.95,994,
Sample,October_19_O1,O1,2.0221E+13,2.0221E+13,0.684654,0.081154576,Exp:HutchisonMosier,0.986686,,0.003586,0,0.003586,0.024588457,Exp:HutchisonMosier_noEbullition,0.969371,,19.4,994,
Sample,October_19_O2,O2,2.0221E+13,2.0221E+13,0.844656,0.081154576,Exp:HutchisonMosier,0.989491,,0.047575,0.002633,0.050208,0.024588457,Exp:HutchisonMosier_noEbullition,0.997646,,18.8,994,
Sample,October_19_O3,O3,2.0221E+13,2.0221E+13,0.741039,0.081154576,Exp:HutchisonMosier,0.812407,,0.006541,0,0.006541,0.024588457,Exp:HutchisonMosier_noEbullition,0.940862,,13.3,994,
Sample,October_19_V1,V1,2.0221E+13,2.0221E+13,2.187507,0.317403229,Exp:HutchisonMosier,0.945136,,0.012369,0.024938,0.037307,0.017682983,Exp:HutchisonMosier_noEbullition,0.688621,,17.75,994,
Sample,October_19_V2,V2,2.0221E+13,2.0221E+13,1.761221,0.317403229,Exp:HutchisonMosier,0.993179,,0.012532,0,0.012532,0.017682983,Exp:HutchisonMosier_noEbullition,0.998029,,18.55,994,
Sample,October_19_V3,V3,2.0221E+13,2.0221E+13,2.381727,0.317403229,Exp:HutchisonMosier,0.945304,,0.043078,0,0.043078,0.017682983,Exp:HutchisonMosier_noEbullition,0.977328,,17.9,994,
